{
  "val/ndcg@20": 0.0660331880671268,
  "val/ndcg@10": 0.0452228129925303,
  "val/ndcg@5": 0.03353961475059439,
  "val/recall@20": 0.17777777777777778,
  "val/recall@10": 0.0962962962962963,
  "val/recall@5": 0.05925925925925926,
  "val/coverage@20": 0.5114899925871016,
  "val/coverage@10": 0.35804299481097107,
  "val/coverage@5": 0.23276501111934766,
  "additional_cfg_params": {
    "num_epochs": 1000
  },
  "test/ndcg@20": 0.08137524808984566,
  "test/ndcg@20_std": 0.009388488543744545,
  "test/ndcg@20_ci_low": 0.07465912797328558,
  "test/ndcg@20_ci_high": 0.08809136820640573,
  "test/ndcg@10": 0.058523104084127475,
  "test/ndcg@10_std": 0.009341601984484003,
  "test/ndcg@10_ci_low": 0.05184052459153246,
  "test/ndcg@10_ci_high": 0.06520568357672249,
  "test/ndcg@5": 0.04190626348069556,
  "test/ndcg@5_std": 0.008061486952880286,
  "test/ndcg@5_ci_low": 0.03613942311641775,
  "test/ndcg@5_ci_high": 0.04767310384497337,
  "test/recall@20": 0.21284046235209103,
  "test/recall@20_std": 0.023956269781386277,
  "test/recall@20_ci_low": 0.1957031793222566,
  "test/recall@20_ci_high": 0.22997774538192547,
  "test/recall@10": 0.12213843559623513,
  "test/recall@10_std": 0.021847604760968697,
  "test/recall@10_ci_low": 0.10650960065117243,
  "test/recall@10_ci_high": 0.13776727054129784,
  "test/recall@5": 0.07015161494545409,
  "test/recall@5_std": 0.01222944067926239,
  "test/recall@5_ci_low": 0.061403200099169004,
  "test/recall@5_ci_high": 0.07890002979173918,
  "test/coverage@20": 0.5433654558932542,
  "test/coverage@20_std": 0.010442573070973774,
  "test/coverage@20_ci_low": 0.5358952891306453,
  "test/coverage@20_ci_high": 0.5508356226558632,
  "test/coverage@10": 0.39933283914010376,
  "test/coverage@10_std": 0.009896520190256376,
  "test/coverage@10_ci_low": 0.39225329507675083,
  "test/coverage@10_ci_high": 0.4064123832034567,
  "test/coverage@5": 0.2860637509266123,
  "test/coverage@5_std": 0.006361958108931742,
  "test/coverage@5_ci_low": 0.2815126802577794,
  "test/coverage@5_ci_high": 0.29061482159544516
}