{
    "num_users": 943,
    "num_items": 1349,
    "avg_interactions": 105.28844114528101,
    "median_interactions": 64.0,
    "sparsity": 0.07804925214624242
}