{
  "val/ndcg@20": 0.055187935622779453,
  "val/ndcg@10": 0.03456726496981527,
  "val/ndcg@5": 0.02976135230226666,
  "val/recall@20": 0.14074074074074075,
  "val/recall@10": 0.05925925925925926,
  "val/recall@5": 0.044444444444444446,
  "val/coverage@20": 0.5871015567086731,
  "val/coverage@10": 0.42105263157894735,
  "val/coverage@5": 0.2742772424017791,
  "test/ndcg@20": 0.08540223970655011,
  "test/ndcg@20_std": 0.008788884419352987,
  "test/ndcg@20_ci_low": 0.07911505054123263,
  "test/ndcg@20_ci_high": 0.0916894288718676,
  "test/ndcg@10": 0.06362386181279843,
  "test/ndcg@10_std": 0.009465708899833617,
  "test/ndcg@10_ci_low": 0.056852501581227156,
  "test/ndcg@10_ci_high": 0.0703952220443697,
  "test/ndcg@5": 0.044341695777370106,
  "test/ndcg@5_std": 0.008955565190858727,
  "test/ndcg@5_ci_low": 0.03793527037106053,
  "test/ndcg@5_ci_high": 0.05074812118367968,
  "test/recall@20": 0.2220878573020013,
  "test/recall@20_std": 0.01861374152620985,
  "test/recall@20_ci_low": 0.20877238875494517,
  "test/recall@20_ci_high": 0.23540332584905746,
  "test/recall@10": 0.13540160429323628,
  "test/recall@10_std": 0.013855348603178505,
  "test/recall@10_ci_low": 0.12549008498507663,
  "test/recall@10_ci_high": 0.14531312360139592,
  "test/recall@5": 0.07459762144520822,
  "test/recall@5_std": 0.012406684272847598,
  "test/recall@5_ci_low": 0.06572241417020977,
  "test/recall@5_ci_high": 0.08347282872020667,
  "test/coverage@20": 0.6363232023721276,
  "test/coverage@20_std": 0.011308281480574108,
  "test/coverage@20_ci_low": 0.6282337451201389,
  "test/coverage@20_ci_high": 0.6444126596241163,
  "test/coverage@10": 0.4974796145292809,
  "test/coverage@10_std": 0.013081893144053966,
  "test/coverage@10_ci_low": 0.48812139192528037,
  "test/coverage@10_ci_high": 0.5068378371332815,
  "test/coverage@5": 0.35885841363973314,
  "test/coverage@5_std": 0.012484860590890044,
  "test/coverage@5_ci_low": 0.3499272823957383,
  "test/coverage@5_ci_high": 0.367789544883728
}