{
  "val/ndcg@20": 0.05489423883321549,
  "val/ndcg@10": 0.041617685699916335,
  "val/ndcg@5": 0.032245144347555064,
  "val/recall@20": 0.14074074074074075,
  "val/recall@10": 0.08888888888888889,
  "val/recall@5": 0.05925925925925926,
  "val/coverage@20": 0.39436619718309857,
  "val/coverage@10": 0.2839140103780578,
  "val/coverage@5": 0.1927353595255745,
  "additional_cfg_params": {
    "num_epochs": 120
  },
  "test/ndcg@20": 0.07230051962623973,
  "test/ndcg@20_std": 0.02535613919908174,
  "test/ndcg@20_ci_low": 0.05416183034097495,
  "test/ndcg@20_ci_high": 0.09043920891150452,
  "test/ndcg@10": 0.05444440736345237,
  "test/ndcg@10_std": 0.01961536432926165,
  "test/ndcg@10_ci_low": 0.04041242102703771,
  "test/ndcg@10_ci_high": 0.06847639369986704,
  "test/ndcg@5": 0.04040109273798648,
  "test/ndcg@5_std": 0.016557161308932367,
  "test/ndcg@5_ci_low": 0.028556813052078765,
  "test/ndcg@5_ci_high": 0.05224537242389419,
  "test/recall@20": 0.1832121813801932,
  "test/recall@20_std": 0.061552287044460814,
  "test/recall@20_ci_low": 0.13918032776356154,
  "test/recall@20_ci_high": 0.22724403499682488,
  "test/recall@10": 0.111528718034496,
  "test/recall@10_std": 0.036480262387310204,
  "test/recall@10_ci_low": 0.08543231040346697,
  "test/recall@10_ci_high": 0.13762512566552504,
  "test/recall@5": 0.06759327993377036,
  "test/recall@5_std": 0.026823451146992614,
  "test/recall@5_ci_low": 0.04840493891332833,
  "test/recall@5_ci_high": 0.08678162095421238,
  "test/coverage@20": 0.4404744255003705,
  "test/coverage@20_std": 0.13349338298930324,
  "test/coverage@20_ci_low": 0.3449790120752261,
  "test/coverage@20_ci_high": 0.535969838925515,
  "test/coverage@10": 0.3113417346182358,
  "test/coverage@10_std": 0.12027337299484223,
  "test/coverage@10_ci_low": 0.2253033466398639,
  "test/coverage@10_ci_high": 0.39738012259660765,
  "test/coverage@5": 0.21527057079318013,
  "test/coverage@5_std": 0.09455519308874329,
  "test/coverage@5_ci_low": 0.14762986042008666,
  "test/coverage@5_ci_high": 0.2829112811662736
}